{"cameraMode":{"drawMode":0,"name":"Shaded","section":"Shading Mode"},"sceneLighting":true,"audioPlay":false,"sceneViewState":{"m_AlwaysRefresh":false,"showFog":true,"showSkybox":true,"showFlares":true,"showImageEffects":true,"showParticleSystems":true,"showVisualEffectGraphs":true,"m_FxEnabled":true},"in2DMode":false,"pivot":{"x":4.556924343109131,"y":3.5855183601379396,"z":-8.65271282196045},"rotation":{"x":0.10658881813287735,"y":-0.019416209310293199,"z":0.0018469066126272083,"w":0.9940708875656128},"size":1.9765928983688355,"orthographic":false}